Design,Bandit-policy,BMC-depth,status,time(s),total(s),memory-current(MB),memory-peak MB),MAX-mem(BMC)(MB),sequence
6s7,ucb1,55,sat,939.76,9942.71,1.70,142,1.99,"[('bmc3g', 60.0, 0.982479502200194, 0, 60.0, 40), ('bmc3j2', 60.0, 1.690354434060502, 60.0, 60.0, 42), ('bmc3j3', 60.0, 1.5893675415361808, 120.0, 60.0, 42), ('bmc3j2', 60.0, 2.3255499985612773, 180.0, 60.0, 44), ('bmc3j3', 60.0, 2.396512013849835, 240.0, 60.0, 44), ('bmc3j4', 240.0, 1.609165805008341, 300.0, 240.0, 48), ('bmc3g', 240.0, 1.9370275988760293, 540.0, 240.0, 52), ('bmc3g', 159.76, 1.8691929446589515, 780.0, 1920.0, 55)]"
