Design,Bandit-policy,BMC-depth,status,time(s),total(s),memory-current(MB),memory-peak MB),MAX-mem(BMC)(MB),sequence
6s160,ucb1,409,timeout,3099.56,3582.03,2.30,37,2.86,"[('bmc3g', 60.0, 0.998053021565877, 60.0, 0, 60.0), ('bmc3g', 281.91, 2.3111628164315503, 341.91, 281.91, 121), ('bmc3g', 433.61, 2.171400973303844, 775.52, 592.05, 193), ('bmc3g', 715.86, 2.0959428183513644, 1491.38, 828.4000000000005, 265), ('bmc3g', 1608.18, 2.028558402247427, 3099.5600000000004, 2108.62, 337)]"
Design,Bandit-policy,BMC-depth,status,time(s),total(s),memory-current(MB),memory-peak MB),MAX-mem(BMC)(MB),sequence
6s160,ucb1,381,timeout,3561.00,4943.88,1.84,42,2.41,"[(3, 61, 0.9966816672858257, 61, 0, 60.0), (3, 119, 3.4662416630556048, 180, 61, 120.0), (3, 3381, 4.1216328171002266, 3561, 3420.0, 149)]"
Design,Bandit-policy,BMC-depth,status,time(s),total(s),memory-current(MB),memory-peak MB),MAX-mem(BMC)(MB),sequence
6s160,ucb1,357,timeout,3515.00,5296.23,1.85,42,2.42,"[(3, 59, 0.9969680808655716, 59, 0, 60.0), (3, 119, 3.3861108933858617, 178, 59, 120.0), (3, 247, 3.170019726017481, 425, 248.935, 149), (3, 242, 3.068706018283986, 667, 511.75, 185), (3, 502, 3.1316601899628536, 1169, 511.75, 221), (3, 988, 3.148668532610043, 2157, 1006.6600000000003, 265), (3, 1358, 2.944384693960607, 3515, 1443.0, 341)]"
