Design,Bandit-policy,BMC-depth,status,time(s),total(s),memory-current(MB),memory-peak MB),MAX-mem(BMC)(MB),sequence
6s160,ucb1,250,timeout,1800.00,1672.07,1.79,26,2.36,"[(3, 60.0, 0.997177630896826, 60.0, 0, 60.0), (3, 175.85999999999984, 3.3929093008603473, 235.85999999999984, 175.85999999999984, 102), (3, 333.70000000000016, 3.1396272112461827, 569.56, 333.70000000000016, 146), (3, 272.72, 3.1843945539821035, 842.28, 465.9450000000001, 182), (3, 555.2750000000002, 2.908125009700061, 1397.5550000000003, 555.2750000000002, 228), (3, 402.4449999999997, 2.857955683422838, 1800.0, 402.4449999999997, 242)]"
