Design,Bandit-policy,BMC-depth,status,time(s),total(s),memory-current(MB),memory-peak MB),MAX-mem(BMC)(MB),sequence
6s163,ucb1,11230,timeout,360.00,8189.96,2.32,4349,2.63,"[('bmc3r', 30.0, 0.9998531202827968, 0, 30.0, 487), ('bmc3j2', 30.0, 3.052599816998522, 30.0, 30.0, 719), ('bmc3j4', 30.0, 3.054673077837197, 60.0, 30.0, 719), ('bmc3j4', 30.0, 2.9735182912771774, 90.0, 30.0, 834), ('bmc3j3', 30.0, 2.9748107521212495, 120.0, 30.0, 835), ('bmc3j4', 30.0, 2.9529324312440566, 150.0, 30.0, 885), ('bmc3', 30.0, 2.958547371424855, 180.0, 30.0, 894), ('bmc3j3', 30.0, 2.9240780687569576, 210.0, 30.0, 906), ('bmc3', 60.0, 2.9949757998116953, 240.0, 60.0, 1157), ('bmc3s', 60.0, 7.5809837380593414, 300.0, 60.0, 11230)]"
Design,Bandit-policy,BMC-depth,status,time(s),total(s),memory-current(MB),memory-peak MB),MAX-mem(BMC)(MB),sequence
6s163,ucb1,11331,timeout,420.00,5906.75,2.92,5918,3.21,"[('bmc3g', 60.0, 0.9999162897986545, 0, 60.0, 1050), ('bmc3j2', 60.0, 2.925059506312319, 60.0, 60.0, 1141), ('bmc3j3', 60.0, 2.9695720303251507, 120.0, 60.0, 1158), ('bmc3j3', 60.0, 2.971451987770352, 180.0, 60.0, 1330), ('bmc3j4', 60.0, 2.971447233066709, 240.0, 60.0, 1330), ('bmc3j3', 60.0, 2.941423386789963, 300.0, 60.0, 1331), ('bmc3s', 60.0, 6.484598598830967, 360.0, 60.0, 11331)]"
