Design,Bandit-policy,BMC-depth,status,time(s),total(s),memory-current(MB),memory-peak MB),MAX-mem(BMC)(MB),sequence
6s163,ucb1,0,timeout,0.00,0.17,1.91,0,2.47,[]
Design,Bandit-policy,BMC-depth,status,time(s),total(s),memory-current(MB),memory-peak MB),MAX-mem(BMC)(MB),sequence
6s163,ucb1,7554,timeout,3600.00,10129.85,7.48,9139,8.04,"[('bmc3g', 120.02, 0.9999639611265895, 120.02, 0, 120.0), ('bmc3g', 183.17999999998744, 2.961020051951746, 303.1999999999874, 183.17999999998744, 2424), ('bmc3g', 236.12, 2.9640894900204597, 539.3199999999874, 521.2800000000128, 3292), ('bmc3g', 202.94, 2.9836660480181996, 742.2599999999875, 521.2800000000128, 4160), ('bmc3g', 342.12, 2.9231831824265946, 1084.3799999999874, 521.2800000000128, 5028), ('bmc3g', 285.61, 2.953223360350636, 1369.9899999999875, 521.2800000000128, 5896), ('bmc3g', 521.2800000000128, 2.9064796027751902, 1891.2700000000004, 521.2800000000128, 6764), ('bmc3g', 521.2800000000128, 2.570089183070729, 2412.5500000000134, 521.2800000000128, 7408), ('bmc3g', 521.2800000000128, 2.041619209567939, 2933.8300000000263, 521.2800000000128, 7528), ('bmc3g', 666.1699999999737, 2.0001872197396593, 3600.0, 666.1699999999737, 7548)]"
