Design,Bandit-policy,BMC-depth,status,time(s),total(s),memory-current(MB),memory-peak MB),MAX-mem(BMC)(MB),sequence
6s191,ucb1,306,timeout,2830.26,3324.79,2.22,31,2.77,"[('bmc3g', 60.0, 0.9977214088454963, 60.0, 0, 60.0), ('bmc3g', 270.47999999999996, 2.1837015009597054, 330.47999999999996, 270.47999999999996, 114), ('bmc3g', 764.07, 2.0558807713557328, 1094.55, 824.8300000000004, 178), ('bmc3g', 1735.71, 2.0192631661300844, 2830.26, 2505.45, 242)]"
