Design,Bandit-policy,BMC-depth,status,time(s),total(s),memory-current(MB),memory-peak MB),MAX-mem(BMC)(MB),sequence
6s145,ucb1,42,timeout,3600.00,4253.82,1.98,39,2.54,"[('bmc3g', 60.0, 0.9629039936875727, 60.0, 0, 60.0), ('bmc3g', 396.13999999999993, 1.6522544216334796, 456.13999999999993, 396.13999999999993, 26), ('bmc3g', 955.9799999999999, 1.2416298814482645, 1412.12, 955.9799999999999, 34), ('bmc3g', 2187.88, 1.018875119767965, 3600.0, 2187.88, 39)]"
