Design,Bandit-policy,BMC-depth,status,time(s),total(s),memory-current(MB),memory-peak MB),MAX-mem(BMC)(MB),sequence
6s163,ucb1,11230,timeout,360.00,8189.96,2.32,4349,2.63,"[('bmc3r', 30.0, 0.9998531202827968, 0, 30.0, 487), ('bmc3j2', 30.0, 3.052599816998522, 30.0, 30.0, 719), ('bmc3j4', 30.0, 3.054673077837197, 60.0, 30.0, 719), ('bmc3j4', 30.0, 2.9735182912771774, 90.0, 30.0, 834), ('bmc3j3', 30.0, 2.9748107521212495, 120.0, 30.0, 835), ('bmc3j4', 30.0, 2.9529324312440566, 150.0, 30.0, 885), ('bmc3', 30.0, 2.958547371424855, 180.0, 30.0, 894), ('bmc3j3', 30.0, 2.9240780687569576, 210.0, 30.0, 906), ('bmc3', 60.0, 2.9949757998116953, 240.0, 60.0, 1157), ('bmc3s', 60.0, 7.5809837380593414, 300.0, 60.0, 11230)]"
