Design,Bandit-policy,BMC-depth,status,time(s),total(s),memory-current(MB),memory-peak MB),MAX-mem(BMC)(MB),sequence
6s191,ucb1,306,timeout,2830.26,3324.79,2.22,31,2.77,"[('bmc3g', 60.0, 0.9977214088454963, 60.0, 0, 60.0), ('bmc3g', 270.47999999999996, 2.1837015009597054, 330.47999999999996, 270.47999999999996, 114), ('bmc3g', 764.07, 2.0558807713557328, 1094.55, 824.8300000000004, 178), ('bmc3g', 1735.71, 2.0192631661300844, 2830.26, 2505.45, 242)]"
Design,Bandit-policy,BMC-depth,status,time(s),total(s),memory-current(MB),memory-peak MB),MAX-mem(BMC)(MB),sequence
6s191,ucb1,226,timeout,3371.00,5869.93,1.95,30,2.52,"[(3, 61, 0.9962870463013018, 61, 0, 60.0), (3, 113, 2.142816733919391, 174, 61, 120.0), (3, 236, 2.066027987024016, 410, 243.2625, 130), (3, 454, 1.9402304027241766, 864, 479.77750000000003, 154), (3, 253, 1.9760696359139842, 1117, 1160.0033333333326, 162), (3, 320, 1.9583514106817788, 1437, 1160.0033333333326, 170), (3, 246, 1.9798275797313205, 1683, 1160.0033333333326, 178), (3, 276, 1.9866482038656152, 1959, 1160.0033333333326, 186), (3, 358, 1.9755868748652552, 2317, 1160.0033333333326, 194), (3, 328, 1.976182570425185, 2645, 1160.0033333333326, 202), (3, 408, 1.962211854432836, 3053, 955.0, 210), (3, 318, 1.983364481782521, 3371, 547.0, 218)]"
