Design,Bandit-policy,BMC-depth,status,time(s),total(s),memory-current(MB),memory-peak MB),MAX-mem(BMC)(MB),sequence
6s160,ucb1,270,timeout,3600.00,15090.87,1.36,113,1.67,"[('bmc3g', 30.0, 0.9980219735224484, 0, 30.0, 94), ('bmc3j2', 30.0, 1.9856840964045914, 30.0, 30.0, 101), ('bmc3j4', 30.0, 2.472646954183708, 60.0, 30.0, 102), ('bmc3j4', 30.0, 2.4975660906533617, 90.0, 30.0, 106), ('bmc3j2', 30.0, 2.4072484619307275, 120.0, 30.0, 106), ('bmc2', 30.0, 2.102965563542693, 150.0, 30.0, 111), ('bmc3j4', 30.0, 2.3700688669100596, 180.0, 30.0, 114), ('bmc3g', 30.0, 2.8139110943265018, 210.0, 30.0, 117), ('bmc2', 60.0, 1.9172603366111622, 240.0, 60.0, 119), ('bmc3j4', 60.0, 2.18409759851501, 300.0, 60.0, 126), ('bmc3j2', 60.0, 2.1880073717117314, 360.0, 60.0, 126), ('bmc3g', 60.0, 2.213501626010954, 420.0, 60.0, 134), ('bmc3g', 240.0, 2.154133513537294, 480.0, 240.0, 173), ('bmc3j2', 480.0, 2.03799870925403, 720.0, 480.0, 205), ('bmc3g', 480.0, 2.1520054913734117, 1200.0, 480.0, 237), ('bmc3g', 480.0, 2.0840794734827135, 1680.0, 480.0, 261), ('bmc3j2', 480.0, 1.977476816943226, 2160.0, 480.0, 262), ('bmc3s', 960.0, 1.8858681313646137, 2640.0, 960.0, 270)]"
Design,Bandit-policy,BMC-depth,status,time(s),total(s),memory-current(MB),memory-peak MB),MAX-mem(BMC)(MB),sequence
6s160,ucb1,253,timeout,3780.00,10995.15,1.73,95,2.02,"[('bmc3g', 60.0, 0.9974617876451896, 0, 60.0, 109), ('bmc3j2', 60.0, 2.1263848984929234, 60.0, 60.0, 117), ('bmc3j4', 60.0, 2.12837083949122, 120.0, 60.0, 117), ('bmc3j4', 60.0, 2.7061984462508057, 180.0, 60.0, 121), ('bmc3j2', 60.0, 2.7098966057847274, 240.0, 60.0, 121), ('bmc3j3', 120.0, 2.1617906031401923, 300.0, 120.0, 137), ('bmcu', 120.0, 2.161509382886665, 420.0, 120.0, 137), ('bmc3g', 120.0, 2.011893989150043, 540.0, 120.0, 142), ('bmc3j3', 120.0, 1.679408175646541, 660.0, 120.0, 146), ('bmc3j2', 120.0, 1.7854236306948434, 780.0, 120.0, 146), ('bmc3j3', 480.0, 2.0230326169895374, 900.0, 480.0, 181), ('bmcu', 480.0, 2.0223571303064944, 1380.0, 480.0, 181), ('bmc3g', 480.0, 2.082551516508481, 1860.0, 480.0, 233), ('bmc3j3', 480.0, 1.9673433874197914, 2340.0, 480.0, 234), ('bmc3s', 960.0, 1.9554420978530647, 2820.0, 960.0, 253)]"
