Design,Bandit-policy,BMC-depth,status,time(s),total(s),memory-current(MB),memory-peak MB),MAX-mem(BMC)(MB),sequence
6s119,ucb1,50,timeout,1980.00,12876.56,1.73,115,2.02,"[('bmc3g', 60.0, 0.9411619842584782, 0, 60.0, 45), ('bmc3j4', 240.0, 2.0, 60.0, 240.0, 46), ('bmc3j4', 240.0, 2.0, 300.0, 240.0, 47), ('bmc3s', 480.0, 1.0571534120002677, 540.0, 480.0, 48), ('bmc3g', 480.0, 1.0321032014900393, 1020.0, 480.0, 50)]"
