Design,Bandit-policy,BMC-depth,status,time(s),total(s),memory-current(MB),memory-peak MB),MAX-mem(BMC)(MB),sequence
6s279r,ucb1,18,timeout,7133.66,25750.59,1.96,138,2.52,"[('bmc2', 92.58, 0.7273431270428259, 92.58, 0, 60.0), ('bmc3r', 659.65, 1.9754835855500263, 752.23, 575.91, 14), ('bmc3s', 575.91, 1.965344695704021, 1328.1399999999999, 752.23, 575.91), ('bmc2', 5805.52, 1.0111730687663378, 7133.66, 1328.1399999999999, 2271.86)]"
