Design,Bandit-policy,BMC-depth,status,time(s),total(s),memory-current(MB),memory-peak MB),MAX-mem(BMC)(MB),sequence
6s119,ucb1,50,timeout,1800.00,3108.86,1.84,100,2.42,"[(3, 58, 0.9865113707473014, 58, 0, 60.0), (0, 49, 2.596394451301234, 107, 58, 120.0), (2, 1693.0, 1.9710596436818126, 1800.0, 1693.0, 47)]"
