Design,Bandit-policy,BMC-depth,status,time(s),total(s),memory-current(MB),memory-peak MB),MAX-mem(BMC)(MB),sequence
6s160,ucb1,409,timeout,3099.56,3582.03,2.30,37,2.86,"[('bmc3g', 60.0, 0.998053021565877, 60.0, 0, 60.0), ('bmc3g', 281.91, 2.3111628164315503, 341.91, 281.91, 121), ('bmc3g', 433.61, 2.171400973303844, 775.52, 592.05, 193), ('bmc3g', 715.86, 2.0959428183513644, 1491.38, 828.4000000000005, 265), ('bmc3g', 1608.18, 2.028558402247427, 3099.5600000000004, 2108.62, 337)]"
