Design,Bandit-policy,BMC-depth,status,time(s),total(s),memory-current(MB),memory-peak MB),MAX-mem(BMC)(MB),sequence
6s191,ucb1,214,timeout,3600.00,9201.03,1.65,89,1.94,"[('bmc3g', 60.0, 0.9969299127068801, 0, 60.0, 103), ('bmc3j2', 60.0, 2.2451123565995044, 60.0, 60.0, 115), ('bmc3j3', 60.0, 2.2330631905269684, 120.0, 60.0, 115), ('bmc3j2', 60.0, 2.6675230888431614, 180.0, 60.0, 122), ('bmc3j4', 60.0, 2.031501140178532, 240.0, 60.0, 123), ('bmc3j2', 60.0, 2.319007543475525, 300.0, 60.0, 127), ('bmc3s', 120.0, 1.9964824719476426, 360.0, 120.0, 134), ('bmc3j3', 120.0, 1.9832089645217401, 480.0, 120.0, 139), ('bmc3g', 240.0, 2.130061608952782, 600.0, 240.0, 170), ('bmc3s', 240.0, 1.9727859267556096, 840.0, 240.0, 178), ('bmc3j2', 240.0, 2.4413947142039296, 1080.0, 240.0, 179), ('bmc3j4', 480.0, 1.9513453576174735, 1320.0, 480.0, 187), ('bmc3j3', 960.0, 1.9537093598891506, 1800.0, 960.0, 214), ('bmc3j2', 840.0, 2.4192848226132795, 2760.0, 840.0, 215)]"
