Design,Bandit-policy,BMC-depth,status,time(s),total(s),memory-current(MB),memory-peak MB),MAX-mem(BMC)(MB),sequence
6s343b31,ucb1,0,timeout,0.00,0.17,1.91,0,2.47,[]
Design,Bandit-policy,BMC-depth,status,time(s),total(s),memory-current(MB),memory-peak MB),MAX-mem(BMC)(MB),sequence
6s343b31,ucb1,45,timeout,4272.68,17033.39,1.99,246,2.55,"[('bmc3g', 60.0, 0.9315975148235576, 60.0, 0, 60.0), ('bmc3g', 267.58000000000004, 1.8928394108783086, 327.58000000000004, 267.58000000000004, 25), ('bmc3g', 550.95, 1.8104089529898577, 878.5300000000001, 550.95, 36), ('bmc3g', 717.19, 1.9952494153703373, 1595.7200000000003, 664.6400000000001, 40), ('bmc3s', 2676.96, 1.0247266472033232, 4272.68, 1595.7200000000003, 2658.5600000000004)]"
Design,Bandit-policy,BMC-depth,status,time(s),total(s),memory-current(MB),memory-peak MB),MAX-mem(BMC)(MB),sequence
6s343b31,ucb1,66,timeout,3600.00,4018.74,1.64,57,2.21,"[(3, 60.0, 0.9065030953596123, 60.0, 0, 60.0), (3, 342.91, 2.0288934312306384, 402.91, 342.91, 23), (3, 3197.09, 1.8689627939040523, 3600.0, 3197.09, 37)]"
Design,Bandit-policy,BMC-depth,status,time(s),total(s),memory-current(MB),memory-peak MB),MAX-mem(BMC)(MB),sequence
6s343b31,ucb1,65,timeout,3600.00,4021.88,1.67,53,2.24,"[(3, 60.0, 0.9038007729503506, 60.0, 0, 60.0), (3, 3540.0, 3.7180144995808377, 3600.0, 3540.0, 23)]"
