Design,Bandit-policy,BMC-depth,status,time(s),total(s),memory-current(MB),memory-peak MB),MAX-mem(BMC)(MB),sequence
6s160,ucb1,250,timeout,1800.00,1667.69,1.80,28,2.37,"[(3, 60.0, 0.9972583535691365, 60.0, 0, 60.0), (3, 174.90499999999992, 3.397416143564632, 234.90499999999992, 174.90499999999992, 102), (3, 327.1499999999999, 3.143735208322428, 562.0549999999998, 327.1499999999999, 146), (3, 266.73, 3.1902821764965905, 828.7849999999999, 457.1249999999999, 182), (3, 543.8250000000002, 2.9094200281469424, 1372.6100000000001, 543.8250000000002, 228), (3, 427.3899999999999, 2.8468978018295834, 1800.0, 427.3899999999999, 242)]"
